ne_name,software_version
ZSBJ03,9.0.0
ZSBJ04,8.5.1
ZSBJ21,9.0.0
ZSBJ22,8.7.1
ZSBJ23,8.6.2
ZSBJ24,8.7.1
ZSBK01,8.5.1
ZSBJ8C,8.6.2
ZSBJ08,8.6.0
ZSBJ09,8.5.2
ZSBJ8A,8.5.2
ZSBJ94,9.0.0
BNG J01_1_1_8_1_single,22.10.R4
BNG J02_29_1_8_29_single,24.3.R2
ZSBJ96,8.6.2
ZSBJ97,8.7.1
ZSBJ10,8.6.2
ZSBJ12,8.5.2
ZSBJ9A,8.5.1
BNGJ07,23.10.R2
ZSBJ20,8.5.1
ZSBJ001,9.0.0
ZSBJ002,8.6.0
ZSBJ003,8.5.2
ZSBJ004,8.7.1
ZSBJ005,8.6.2
ZSBJ006,8.5.1
ZSBJ007,9.0.0
ZSBJ008,8.7.1
ZSBJ009,8.6.2
ZSBJ010,8.6.2
ZSBJ011,8.7.1
ZSBJ012,8.5.2
ZSBJ013,8.6.0
ZSBJ014,9.0.0
ZSBJ015,8.5.1
ZSBJ016,8.6.2
ZSBJ017,8.7.1
ZSBJ018,9.0.0
ZSBJ019,8.5.1
ZSBJ020,8.6.0
ZSBJ021,8.5.2
ZSBJ022,8.5.1
ZSBJ023,9.0.0
ZSBJ024,8.7.1
ZSBJ025,8.6.2
ZSBJ026,8.6.0
ZSBJ027,8.5.2
ZSBJ028,8.5.1
ZSBJ029,9.0.0
ZSBJ030,8.5.2
ZSBJ031,8.6.0
ZSBJ032,8.6.2
ZSBJ033,8.7.1
ZSBJ034,8.6.2
ZSBJ035,8.7.1
ZSBJ036,9.0.0
ZSBJ037,8.5.1
ZSBJ038,9.0.0
ZSBJ039,8.5.1
ZSBJ040,8.6.0
ZSBJ041,8.5.2
ZSBJ042,8.7.1
ZSBJ043,8.6.2
ZSBJ044,8.7.1
ZSBJ045,8.6.2
ZSBJ046,8.5.1
ZSBJ047,9.0.0
ZSBJ048,8.5.1
ZSBJ049,9.0.0
ZSBJ050,8.5.2
ZSBJ051,8.6.0
ZSBJ052,9.0.0
ZSBJ053,8.5.1
ZSBJ054,9.0.0
ZSBJ055,8.5.1
ZSBJ056,8.6.2
ZSBJ057,8.7.1
ZSBJ058,9.0.0
ZSBJ059,8.5.1
ZSBJ060,8.6.0
ZSBJ061,8.5.2
ZSBJ062,8.5.1
ZSBJ063,9.0.0
ZSBJ064,8.5.1
ZSBJ065,9.0.0
ZSBJ066,8.7.1
ZSBJ067,8.6.2
ZSBJ068,8.7.1
ZSBJ069,8.6.2
ZSBJ070,8.5.2
ZSBJ071,8.6.0
ZSBJ072,8.6.2
ZSBJ073,8.7.1
ZSBJ074,9.0.0
ZSBJ075,8.5.1
ZSBJ076,8.5.2
ZSBJ077,8.6.0
ZSBJ078,8.6.2
ZSBJ079,8.7.1
ZSBJ080,8.6.0
ZSBJ081,8.5.2
ZSBJ082,8.7.1
ZSBJ083,8.6.2
ZSBJ084,8.5.1
ZSBJ085,9.0.0
ZSBJ086,8.6.0
ZSBJ087,8.5.2
ZSBJ088,8.7.1
ZSBJ089,8.6.2
ZSBJ090,8.6.2
ZSBJ091,8.7.1
ZSBJ092,8.5.2
ZSBJ093,8.6.0
ZSBJ094,9.0.0
ZSBJ095,8.5.1
ZSBJ096,8.6.2
ZSBJ097,8.7.1
ZSBJ098,8.5.2
ZSBJ099,8.6.0
ZSBJ100,9.0.0
ZSBK001,8.7.1
ZSBK002,8.5.2
ZSBK003,8.6.0
ZSBK004,9.0.0
ZSBK005,8.5.1
ZSBK006,8.6.2
ZSBK007,8.7.1
ZSBK008,8.5.2
ZSBK009,8.6.0
ZSBK010,8.6.0
ZSBK011,8.5.2
ZSBK012,8.7.1
ZSBK013,8.6.2
ZSBK014,8.5.1
ZSBK015,9.0.0
ZSBK016,8.6.0
ZSBK017,8.5.2
ZSBK018,8.7.1
ZSBK019,8.6.2
ZSBK020,9.0.0
ZSBK021,8.5.1
ZSBK022,8.5.2
ZSBK023,8.6.0
ZSBK024,8.5.2
ZSBK025,8.6.0
ZSBK026,8.6.2
ZSBK027,8.7.1
ZSBK028,8.5.2
ZSBK029,8.6.0
ZSBK030,8.5.1
ZSBK031,9.0.0
ZSBK032,8.7.1
ZSBK033,8.6.2
ZSBK034,8.6.0
ZSBK035,8.5.2
ZSBK036,8.5.1
ZSBK037,9.0.0
ZSBK038,8.6.0
ZSBK039,8.5.2
ZSBK040,9.0.0
ZSBK041,8.5.1
ZSBK042,8.6.2
ZSBK043,8.7.1
ZSBK044,8.6.2
ZSBK045,8.7.1
ZSBK046,8.5.2
ZSBK047,8.6.0
ZSBK048,8.5.2
ZSBK049,8.6.0
ZSBK050,8.5.1
ZSBK051,9.0.0
ZSBK052,8.6.0
ZSBK053,8.5.2
ZSBK054,8.6.0
ZSBK055,8.5.2
ZSBK056,8.7.1
ZSBK057,8.6.2
ZSBK058,8.6.0
ZSBK059,8.5.2
ZSBK060,8.5.2
ZSBK061,8.6.0
ZSBK062,8.6.2
ZSBK063,8.7.1
ZSBK064,9.0.0
ZSBK065,8.5.1
ZSBK066,8.5.2
ZSBK067,8.6.0
ZSBK068,9.0.0
ZSBK069,8.5.1
ZSBK070,8.6.0
ZSBK071,8.5.2
ZSBK072,8.5.1
ZSBK073,9.0.0
ZSBK074,8.5.1
ZSBK075,9.0.0
ZSBK076,8.7.1
ZSBK077,8.6.2
ZSBK078,8.5.1
ZSBK079,9.0.0
ZSBK080,8.6.2
ZSBK081,8.7.1
ZSBK082,8.5.2
ZSBK083,8.6.0
ZSBK084,9.0.0
ZSBK085,8.5.1
ZSBK086,8.6.2
ZSBK087,8.7.1
ZSBK088,9.0.0
ZSBK089,8.5.1
ZSBK090,8.5.1
ZSBK091,9.0.0
ZSBK092,8.6.0
ZSBK093,8.5.2
ZSBK094,8.7.1
ZSBK095,8.6.2
ZSBK096,8.5.1
ZSBK097,9.0.0
ZSBK098,8.7.1
ZSBK099,8.6.2
ZSBK100,8.5.1
ZSBL001,9.0.0
ZSBL002,8.7.1
ZSBL003,8.6.2
ZSBL004,8.7.1
ZSBL005,8.6.2
ZSBL006,8.6.0
ZSBL007,8.5.2
ZSBL008,8.6.0
ZSBL009,8.5.2
ZSBL010,9.0.0
ZSBL011,8.5.1
ZSBL012,8.5.2
ZSBL013,8.6.0
ZSBL014,8.6.2
ZSBL015,8.7.1
ZSBL016,9.0.0
ZSBL017,8.5.1
ZSBL018,8.5.2
ZSBL019,8.6.0
ZSBL020,8.7.1
ZSBL021,8.6.2
ZSBL022,8.5.1
ZSBL023,9.0.0
ZSBL024,8.5.1
ZSBL025,9.0.0
ZSBL026,8.6.0
ZSBL027,8.5.2
ZSBL028,8.6.0
ZSBL029,8.5.2
ZSBL030,8.6.2
ZSBL031,8.7.1
ZSBL032,8.5.2
ZSBL033,8.6.0
ZSBL034,8.5.2
ZSBL035,8.6.0
ZSBL036,9.0.0
ZSBL037,8.5.1
ZSBL038,8.5.2
ZSBL039,8.6.0
ZSBL040,8.7.1
ZSBL041,8.6.2
ZSBL042,8.6.0
ZSBL043,8.5.2
ZSBL044,8.5.1
ZSBL045,9.0.0
ZSBL046,8.7.1
ZSBL047,8.6.2
ZSBL048,8.6.0
ZSBL049,8.5.2
ZSBL050,8.6.2
ZSBL051,8.7.1
ZSBL052,9.0.0
ZSBL053,8.5.1
ZSBL054,9.0.0
ZSBL055,8.5.1
ZSBL056,8.5.2
ZSBL057,8.6.0
ZSBL058,8.5.2
ZSBL059,8.6.0
ZSBL060,8.6.0
ZSBL061,8.5.2
ZSBL062,8.7.1
ZSBL063,8.6.2
ZSBL064,8.5.1
ZSBL065,9.0.0
ZSBL066,8.6.0
ZSBL067,8.5.2
ZSBL068,8.5.1
ZSBL069,9.0.0
ZSBL070,8.5.2
ZSBL071,8.6.0
ZSBL072,9.0.0
ZSBL073,8.5.1
ZSBL074,8.6.2
ZSBL075,8.7.1
ZSBL076,8.5.2
ZSBL077,8.6.0
ZSBL078,8.6.2
ZSBL079,8.7.1
ZSBL080,8.7.1
ZSBL081,8.6.2
ZSBL082,8.6.0
ZSBL083,8.5.2
ZSBL084,8.6.0
ZSBL085,8.5.2
ZSBL086,8.5.1
ZSBL087,9.0.0
ZSBL088,8.6.0
ZSBL089,8.5.2
ZSBL090,8.6.2
ZSBL091,8.7.1
ZSBL092,9.0.0
ZSBL093,8.5.1
ZSBL094,8.5.2
ZSBL095,8.6.0
ZSBL096,8.6.2
ZSBL097,8.7.1
ZSBL098,8.5.2
ZSBL099,8.6.0
ZSBL100,8.5.2
ZSBM001,8.7.1
ZSBM002,9.0.0
ZSBM003,8.5.1
ZSBM004,8.5.2
ZSBM005,8.6.0
ZSBM006,8.6.2
ZSBM007,8.7.1
ZSBM008,8.5.2
ZSBM009,8.6.0
ZSBM010,8.7.1
ZSBM011,8.6.2
ZSBM012,8.6.0
ZSBM013,8.5.2
ZSBM014,8.6.0
ZSBM015,8.5.2
ZSBM016,8.5.1
ZSBM017,9.0.0
ZSBM018,8.6.0
ZSBM019,8.5.2
ZSBM020,8.5.2
ZSBM021,8.6.0
ZSBM022,8.5.2
ZSBM023,8.6.0
ZSBM024,9.0.0
ZSBM025,8.5.1
ZSBM026,8.6.2
ZSBM027,8.7.1
ZSBM028,8.6.2
ZSBM029,8.7.1
ZSBM030,8.6.0
ZSBM031,8.5.2
ZSBM032,8.7.1
ZSBM033,8.6.2
ZSBM034,8.7.1
ZSBM035,8.6.2
ZSBM036,8.5.1
ZSBM037,9.0.0
ZSBM038,8.7.1
ZSBM039,8.6.2
ZSBM040,8.5.2
ZSBM041,8.6.0
ZSBM042,8.6.2
ZSBM043,8.7.1
ZSBM044,8.6.2
ZSBM045,8.7.1
ZSBM046,9.0.0
ZSBM047,8.5.1
ZSBM048,8.6.2
ZSBM049,8.7.1
ZSBM050,8.6.0
ZSBM051,8.5.2
ZSBM052,8.5.1
ZSBM053,9.0.0
ZSBM054,8.7.1
ZSBM055,8.6.2
ZSBM056,8.6.0
ZSBM057,8.5.2
ZSBM058,8.7.1
ZSBM059,8.6.2
ZSBM060,8.5.2
ZSBM061,8.6.0
ZSBM062,9.0.0
ZSBM063,8.5.1
ZSBM064,8.6.2
ZSBM065,8.7.1
ZSBM066,8.5.2
ZSBM067,8.6.0
ZSBM068,9.0.0
ZSBM069,8.5.1
ZSBM070,8.5.1
ZSBM071,9.0.0
ZSBM072,8.6.0
ZSBM073,8.5.2
ZSBM074,8.7.1
ZSBM075,8.6.2
ZSBM076,8.5.1
ZSBM077,9.0.0
ZSBM078,8.6.0
ZSBM079,8.5.2
ZSBM080,9.0.0
ZSBM081,8.5.1
ZSBM082,8.5.2
ZSBM083,8.6.0
ZSBM084,8.6.2
ZSBM085,8.7.1
ZSBM086,9.0.0
ZSBM087,8.5.1
ZSBM088,8.5.2
ZSBM089,8.6.0
ZSBM090,8.5.1
ZSBM091,9.0.0
ZSBM092,8.7.1
ZSBM093,8.6.2
ZSBM094,8.7.1
ZSBM095,8.6.2
ZSBM096,8.6.0
ZSBM097,8.5.2
ZSBM098,8.6.0
ZSBM099,8.5.2
ZSBM100,8.6.0
BNGJ001,24.3.R2
BNGJ002,24.3.R1
BNGJ003,23.10.R2
BNGJ004,23.10.R1
BNGJ005,22.10.R4
BNGJ006,24.3.R2
BNGJ007,24.3.R1
BNGJ008,24.3.R1
BNGJ009,23.10.R2
BNGJ010,22.10.R4
BNGJ011,23.10.R1
BNGJ012,23.10.R2
BNGJ013,24.3.R1
BNGJ014,23.10.R1
BNGJ015,23.10.R2
BNGJ016,24.3.R1
BNGJ017,24.3.R2
BNGJ018,24.3.R1
BNGJ019,24.3.R2
BNGJ020,24.3.R2
BNGJ021,24.3.R1
BNGJ022,23.10.R1
BNGJ023,22.10.R4
BNGJ024,24.3.R1
BNGJ025,23.10.R2
BNGJ026,22.10.R4
BNGJ027,24.3.R2
BNGJ028,23.10.R2
BNGJ029,23.10.R1
BNGJ030,22.10.R4
BNGJ031,23.10.R1
BNGJ032,24.3.R1
BNGJ033,24.3.R2
BNGJ034,23.10.R1
BNGJ035,23.10.R2
BNGJ036,24.3.R2
BNGJ037,22.10.R4
BNGJ038,23.10.R2
BNGJ039,24.3.R1
BNGJ040,23.10.R1
BNGJ041,22.10.R4
BNGJ042,24.3.R2
BNGJ043,24.3.R1
BNGJ044,22.10.R4
BNGJ045,24.3.R2
BNGJ046,24.3.R1
BNGJ047,23.10.R2
BNGJ048,24.3.R1
BNGJ049,23.10.R2
BNGJ050,22.10.R4
BNGJ051,23.10.R1
BNGJ052,23.10.R2
BNGJ053,24.3.R1
BNGJ054,24.3.R2
BNGJ055,22.10.R4
BNGJ056,23.10.R1
BNGJ057,23.10.R2
BNGJ058,23.10.R2
BNGJ059,24.3.R1
BNGJ060,24.3.R2
BNGJ061,24.3.R1
BNGJ062,23.10.R1
BNGJ063,22.10.R4
BNGJ064,22.10.R4
BNGJ065,24.3.R2
BNGJ066,23.10.R2
BNGJ067,23.10.R1
BNGJ068,23.10.R2
BNGJ069,23.10.R1
BNGJ070,24.3.R1
BNGJ071,24.3.R2
BNGJ072,23.10.R1
BNGJ073,23.10.R2
BNGJ074,23.10.R2
BNGJ075,24.3.R1
BNGJ076,22.10.R4
BNGJ077,23.10.R1
BNGJ078,23.10.R1
BNGJ079,23.10.R2
BNGJ080,24.3.R1
BNGJ081,23.10.R2
BNGJ082,23.10.R1
BNGJ083,22.10.R4
BNGJ084,24.3.R2
BNGJ085,24.3.R1
BNGJ086,23.10.R2
BNGJ087,23.10.R1
BNGJ088,22.10.R4
BNGJ089,24.3.R2
BNGJ090,23.10.R2
BNGJ091,24.3.R1
BNGJ092,24.3.R2
BNGJ093,22.10.R4
BNGJ094,24.3.R1
BNGJ095,24.3.R2
BNGJ096,22.10.R4
BNGJ097,23.10.R1
BNGJ098,24.3.R2
BNGJ099,22.10.R4
BNGJ100,22.10.R4
BNGJ101,23.10.R1
BNGJ102,24.3.R1
BNGJ103,24.3.R2
BNGJ104,23.10.R1
BNGJ105,23.10.R2
BNGJ106,24.3.R2
BNGJ107,22.10.R4
BNGJ108,23.10.R2
BNGJ109,24.3.R1
BNGJ110,23.10.R2
BNGJ111,23.10.R1
BNGJ112,24.3.R2
BNGJ113,24.3.R1
BNGJ114,23.10.R1
BNGJ115,22.10.R4
BNGJ116,24.3.R1
BNGJ117,23.10.R2
BNGJ118,22.10.R4
BNGJ119,24.3.R2
BNGJ120,24.3.R1
BNGJ121,24.3.R2
BNGJ122,22.10.R4
BNGJ123,23.10.R1
BNGJ124,24.3.R2
BNGJ125,22.10.R4
BNGJ126,23.10.R1
BNGJ127,23.10.R2
BNGJ128,23.10.R1
BNGJ129,23.10.R2
BNGJ130,24.3.R2
BNGJ131,24.3.R1
BNGJ132,23.10.R2
BNGJ133,23.10.R1
BNGJ134,22.10.R4
BNGJ135,24.3.R2
BNGJ136,24.3.R1
BNGJ137,23.10.R2
BNGJ138,23.10.R2
BNGJ139,23.10.R1
BNGJ140,23.10.R2
BNGJ141,24.3.R1
BNGJ142,22.10.R4
BNGJ143,23.10.R1
BNGJ144,23.10.R1
BNGJ145,23.10.R2
BNGJ146,24.3.R2
BNGJ147,22.10.R4
BNGJ148,22.10.R4
BNGJ149,23.10.R1
BNGJ150,23.10.R2
PE-NUE-001,24.3.R1
PE-NUE-002,23.10.R1
PE-NUE-003,22.10.R4
PE-NUE-004,24.3.R1
PE-NUE-005,23.10.R2
PE-NUE-006,22.10.R4
PE-NUE-007,24.3.R2
PE-NUE-008,23.10.R1
PE-NUE-009,22.10.R4
PE-NUE-010,24.3.R2
PE-NUE-011,22.10.R4
PE-NUE-012,23.10.R2
PE-NUE-013,24.3.R1
PE-NUE-014,22.10.R4
PE-NUE-015,23.10.R1
PE-NUE-016,24.3.R1
PE-NUE-017,24.3.R2
PE-NUE-018,23.10.R2
PE-NUE-019,24.3.R1
PE-NUE-020,23.10.R1
PE-NUE-021,22.10.R4
PE-NUE-022,24.3.R2
PE-NUE-023,24.3.R1
PE-NUE-024,23.10.R2
PE-NUE-025,23.10.R1
PE-NUE-026,22.10.R4
PE-NUE-027,24.3.R2
PE-NUE-028,24.3.R1
PE-NUE-029,23.10.R2
PE-NUE-030,22.10.R4
PE-NUE-031,23.10.R1
PE-NUE-032,23.10.R2
PE-NUE-033,24.3.R1
PE-NUE-034,23.10.R1
PE-NUE-035,23.10.R2
PE-NUE-036,24.3.R1
PE-NUE-037,24.3.R2
PE-NUE-038,23.10.R2
PE-MUC-001,24.3.R1
PE-MUC-002,24.3.R2
PE-MUC-003,22.10.R4
PE-MUC-004,23.10.R1
PE-MUC-005,23.10.R2
PE-MUC-006,24.3.R1
PE-MUC-007,24.3.R2
PE-MUC-008,24.3.R2
PE-MUC-009,22.10.R4
PE-MUC-010,24.3.R1
PE-MUC-011,23.10.R2
PE-MUC-012,23.10.R1
PE-MUC-013,22.10.R4
PE-MUC-014,23.10.R2
PE-MUC-015,23.10.R1
PE-MUC-016,22.10.R4
PE-MUC-017,24.3.R2
PE-MUC-018,22.10.R4
PE-MUC-019,24.3.R2
PE-MUC-020,23.10.R1
PE-MUC-021,23.10.R2
PE-MUC-022,24.3.R2
PE-MUC-023,22.10.R4
PE-MUC-024,22.10.R4
PE-MUC-025,23.10.R1
PE-MUC-026,24.3.R1
PE-MUC-027,24.3.R2
PE-MUC-028,24.3.R2
PE-MUC-029,22.10.R4
PE-MUC-030,23.10.R2
PE-MUC-031,23.10.R1
PE-MUC-032,24.3.R2
PE-MUC-033,24.3.R1
PE-MUC-034,24.3.R1
PE-MUC-035,23.10.R2
PE-MUC-036,22.10.R4
PE-MUC-037,24.3.R2
PE-MUC-038,22.10.R4
PE-BER-001,22.10.R4
PE-BER-002,23.10.R2
PE-BER-003,24.3.R1
PE-BER-004,24.3.R1
PE-BER-005,24.3.R2
PE-BER-006,23.10.R1
PE-BER-007,23.10.R2
PE-BER-008,23.10.R2
PE-BER-009,24.3.R1
PE-BER-010,22.10.R4
PE-BER-011,24.3.R2
PE-BER-012,23.10.R2
PE-BER-013,23.10.R1
PE-BER-014,23.10.R1
PE-BER-015,22.10.R4
PE-BER-016,24.3.R1
PE-BER-017,23.10.R2
PE-BER-018,24.3.R1
PE-BER-019,23.10.R2
PE-BER-020,23.10.R1
PE-BER-021,23.10.R2
PE-BER-022,24.3.R1
PE-BER-023,24.3.R2
PE-BER-024,22.10.R4
PE-BER-025,23.10.R1
PE-BER-026,23.10.R2
PE-BER-027,24.3.R1
PE-BER-028,24.3.R1
PE-BER-029,24.3.R2
PE-BER-030,22.10.R4
PE-BER-031,24.3.R2
PE-BER-032,24.3.R1
PE-BER-033,23.10.R2
PE-BER-034,24.3.R2
PE-BER-035,24.3.R1
PE-BER-036,23.10.R2
PE-BER-037,23.10.R1
PE-BER-038,23.10.R2
PE-HAM-001,24.3.R2
PE-HAM-002,24.3.R1
PE-HAM-003,23.10.R2
PE-HAM-004,24.3.R2
PE-HAM-005,24.3.R1
PE-HAM-006,23.10.R2
PE-HAM-007,23.10.R1
PE-HAM-008,23.10.R2
PE-HAM-009,23.10.R1
PE-HAM-010,24.3.R2
PE-HAM-011,22.10.R4
PE-HAM-012,23.10.R1
PE-HAM-013,23.10.R2
PE-HAM-014,24.3.R1
PE-HAM-015,24.3.R2
PE-HAM-016,22.10.R4
PE-HAM-017,23.10.R1
PE-HAM-018,23.10.R1
PE-HAM-019,23.10.R2
PE-HAM-020,22.10.R4
PE-HAM-021,24.3.R2
PE-HAM-022,23.10.R2
PE-HAM-023,23.10.R1
PE-HAM-024,23.10.R1
PE-HAM-025,22.10.R4
PE-HAM-026,24.3.R1
PE-HAM-027,23.10.R2
PE-HAM-028,24.3.R1
PE-HAM-029,23.10.R2
PE-HAM-030,24.3.R2
PE-HAM-031,22.10.R4
PE-HAM-032,23.10.R2
PE-HAM-033,24.3.R1
PE-HAM-034,24.3.R1
PE-HAM-035,24.3.R2
PE-HAM-036,23.10.R1
PE-HAM-037,23.10.R2
PE-HAM-038,23.10.R2
PE-FRA-001,24.3.R2
PE-FRA-002,22.10.R4
PE-FRA-003,23.10.R1
PE-FRA-004,24.3.R2
PE-FRA-005,22.10.R4
PE-FRA-006,23.10.R1
PE-FRA-007,23.10.R2
PE-FRA-008,22.10.R4
PE-FRA-009,23.10.R1
PE-FRA-010,24.3.R2
PE-FRA-011,24.3.R1
PE-FRA-012,23.10.R2
PE-FRA-013,23.10.R1
PE-FRA-014,22.10.R4
PE-FRA-015,24.3.R2
PE-FRA-016,24.3.R1
PE-FRA-017,23.10.R2
PE-FRA-018,23.10.R1
PE-FRA-019,22.10.R4
PE-FRA-020,23.10.R1
PE-FRA-021,23.10.R2
PE-FRA-022,24.3.R2
PE-FRA-023,22.10.R4
PE-FRA-024,23.10.R2
PE-FRA-025,24.3.R1
PE-FRA-026,22.10.R4
PE-FRA-027,23.10.R1
PE-FRA-028,24.3.R2
PE-FRA-029,22.10.R4
PE-FRA-030,23.10.R2
PE-FRA-031,23.10.R1
PE-FRA-032,24.3.R2
PE-FRA-033,24.3.R1
PE-FRA-034,23.10.R1
PE-FRA-035,22.10.R4
PE-FRA-036,24.3.R1
PE-FRA-037,23.10.R2
PE-FRA-038,24.3.R2
AGG-NUE-001,17.9.4
AGG-NUE-002,17.12.4
AGG-NUE-003,17.12.3
AGG-NUE-004,17.12.3
AGG-NUE-005,17.9.5
AGG-NUE-006,17.15.1
AGG-NUE-007,17.12.4
AGG-NUE-008,17.15.1
AGG-NUE-009,17.12.4
AGG-NUE-010,17.9.4
AGG-NUE-011,17.9.5
AGG-NUE-012,17.12.4
AGG-NUE-013,17.15.1
AGG-NUE-014,17.15.1
AGG-NUE-015,17.9.4
AGG-NUE-016,17.12.3
AGG-NUE-017,17.12.4
AGG-NUE-018,17.12.4
AGG-NUE-019,17.15.1
AGG-NUE-020,17.12.3
AGG-NUE-021,17.9.5
AGG-NUE-022,17.9.4
AGG-NUE-023,17.15.1
AGG-NUE-024,17.9.5
AGG-NUE-025,17.9.4
AGG-NUE-026,17.15.1
AGG-NUE-027,17.12.4
AGG-NUE-028,17.15.1
AGG-NUE-029,17.12.4
AGG-NUE-030,17.12.3
AGG-NUE-031,17.12.4
AGG-NUE-032,17.15.1
AGG-NUE-033,17.9.4
AGG-NUE-034,17.9.5
AGG-NUE-035,17.12.3
AGG-NUE-036,17.12.4
AGG-NUE-037,17.15.1
AGG-NUE-038,17.15.1
AGG-NUE-039,17.9.4
AGG-NUE-040,17.12.3
AGG-MUC-001,17.9.5
AGG-MUC-002,17.12.3
AGG-MUC-003,17.12.4
AGG-MUC-004,17.9.5
AGG-MUC-005,17.12.3
AGG-MUC-006,17.12.4
AGG-MUC-007,17.15.1
AGG-MUC-008,17.12.3
AGG-MUC-009,17.12.4
AGG-MUC-010,17.9.5
AGG-MUC-011,17.9.4
AGG-MUC-012,17.15.1
AGG-MUC-013,17.12.4
AGG-MUC-014,17.12.3
AGG-MUC-015,17.9.5
AGG-MUC-016,17.9.4
AGG-MUC-017,17.15.1
AGG-MUC-018,17.12.4
AGG-MUC-019,17.12.3
AGG-MUC-020,17.12.4
AGG-MUC-021,17.15.1
AGG-MUC-022,17.9.5
AGG-MUC-023,17.12.3
AGG-MUC-024,17.15.1
AGG-MUC-025,17.9.4
AGG-MUC-026,17.12.3
AGG-MUC-027,17.12.4
AGG-MUC-028,17.9.5
AGG-MUC-029,17.12.3
AGG-MUC-030,17.15.1
AGG-MUC-031,17.12.4
AGG-MUC-032,17.9.5
AGG-MUC-033,17.9.4
AGG-MUC-034,17.12.4
AGG-MUC-035,17.12.3
AGG-MUC-036,17.9.4
AGG-MUC-037,17.15.1
AGG-MUC-038,17.9.5
AGG-MUC-039,17.9.4
AGG-MUC-040,17.12.3
AGG-BER-001,17.15.1
AGG-BER-002,17.9.5
AGG-BER-003,17.12.3
AGG-BER-004,17.15.1
AGG-BER-005,17.9.4
AGG-BER-006,17.12.3
AGG-BER-007,17.12.4
AGG-BER-008,17.9.4
AGG-BER-009,17.9.5
AGG-BER-010,17.12.3
AGG-BER-011,17.9.4
AGG-BER-012,17.15.1
AGG-BER-013,17.12.4
AGG-BER-014,17.9.5
AGG-BER-015,17.9.4
AGG-BER-016,17.12.4
AGG-BER-017,17.12.3
AGG-BER-018,17.9.4
AGG-BER-019,17.15.1
AGG-BER-020,17.12.4
AGG-BER-021,17.15.1
AGG-BER-022,17.9.4
AGG-BER-023,17.9.5
AGG-BER-024,17.15.1
AGG-BER-025,17.9.4
AGG-BER-026,17.9.5
AGG-BER-027,17.12.3
AGG-BER-028,17.9.5
AGG-BER-029,17.12.3
AGG-BER-030,17.12.3
AGG-BER-031,17.9.5
AGG-BER-032,17.9.4
AGG-BER-033,17.15.1
AGG-BER-034,17.12.4
AGG-BER-035,17.12.3
AGG-BER-036,17.9.5
AGG-BER-037,17.9.4
AGG-BER-038,17.9.4
AGG-BER-039,17.15.1
AGG-BER-040,17.9.4
AGG-HAM-001,17.9.5
AGG-HAM-002,17.9.4
AGG-HAM-003,17.15.1
AGG-HAM-004,17.12.4
AGG-HAM-005,17.12.3
AGG-HAM-006,17.9.5
AGG-HAM-007,17.9.4
AGG-HAM-008,17.9.4
AGG-HAM-009,17.15.1
AGG-HAM-010,17.12.3
AGG-HAM-011,17.12.4
AGG-HAM-012,17.15.1
AGG-HAM-013,17.9.4
AGG-HAM-014,17.12.4
AGG-HAM-015,17.15.1
AGG-HAM-016,17.9.4
AGG-HAM-017,17.9.5
AGG-HAM-018,17.9.4
AGG-HAM-019,17.9.5
AGG-HAM-020,17.9.5
AGG-HAM-021,17.9.4
AGG-HAM-022,17.12.4
AGG-HAM-023,17.12.3
AGG-HAM-024,17.9.4
AGG-HAM-025,17.15.1
AGG-HAM-026,17.12.3
AGG-HAM-027,17.9.5
AGG-HAM-028,17.15.1
AGG-HAM-029,17.12.4
AGG-HAM-030,17.12.3
AGG-HAM-031,17.15.1
AGG-HAM-032,17.9.4
AGG-HAM-033,17.9.5
AGG-HAM-034,17.12.4
AGG-HAM-035,17.15.1
AGG-HAM-036,17.9.5
AGG-HAM-037,17.12.3
AGG-HAM-038,17.15.1
AGG-HAM-039,17.9.4
AGG-HAM-040,17.12.4
OLT-NUE-001,V8R23C20
OLT-NUE-002,V8R22C20
OLT-NUE-003,V8R22C10
OLT-NUE-004,V8R23C20
OLT-NUE-005,V8R23C10
OLT-NUE-006,V8R22C10
OLT-NUE-007,V8R21C10
OLT-NUE-008,V8R23C10
OLT-NUE-009,V8R22C20
OLT-NUE-010,V8R22C10
OLT-NUE-011,V8R22C20
OLT-NUE-012,V8R23C20
OLT-NUE-013,V8R21C10
OLT-NUE-014,V8R22C20
OLT-NUE-015,V8R23C10
OLT-NUE-016,V8R21C10
OLT-NUE-017,V8R22C10
OLT-NUE-018,V8R23C10
OLT-NUE-019,V8R23C20
OLT-NUE-020,V8R21C10
OLT-NUE-021,V8R23C20
OLT-NUE-022,V8R23C10
OLT-NUE-023,V8R22C20
OLT-NUE-024,V8R22C10
OLT-NUE-025,V8R21C10
OLT-NUE-026,V8R23C20
OLT-NUE-027,V8R23C10
OLT-NUE-028,V8R23C10
OLT-MUC-001,V8R23C10
OLT-MUC-002,V8R23C20
OLT-MUC-003,V8R21C10
OLT-MUC-004,V8R22C10
OLT-MUC-005,V8R22C20
OLT-MUC-006,V8R23C10
OLT-MUC-007,V8R23C20
OLT-MUC-008,V8R21C10
OLT-MUC-009,V8R22C10
OLT-MUC-010,V8R23C10
OLT-MUC-011,V8R22C20
OLT-MUC-012,V8R22C10
OLT-MUC-013,V8R21C10
OLT-MUC-014,V8R22C20
OLT-MUC-015,V8R22C10
OLT-MUC-016,V8R21C10
OLT-MUC-017,V8R23C20
OLT-MUC-018,V8R22C10
OLT-MUC-019,V8R21C10
OLT-MUC-020,V8R23C10
OLT-MUC-021,V8R23C20
OLT-MUC-022,V8R22C10
OLT-MUC-023,V8R22C20
OLT-MUC-024,V8R22C20
OLT-MUC-025,V8R23C10
OLT-MUC-026,V8R21C10
OLT-MUC-027,V8R22C10
OLT-MUC-028,V8R21C10
OLT-BER-001,V8R23C20
OLT-BER-002,V8R22C10
OLT-BER-003,V8R22C20
OLT-BER-004,V8R22C20
OLT-BER-005,V8R23C10
OLT-BER-006,V8R21C10
OLT-BER-007,V8R22C10
OLT-BER-008,V8R21C10
OLT-BER-009,V8R22C10
OLT-BER-010,V8R22C20
OLT-BER-011,V8R22C10
OLT-BER-012,V8R23C20
OLT-BER-013,V8R23C10
OLT-BER-014,V8R23C10
OLT-BER-015,V8R22C20
OLT-BER-016,V8R21C10
OLT-BER-017,V8R23C20
OLT-BER-018,V8R23C20
OLT-BER-019,V8R23C10
OLT-BER-020,V8R22C10
OLT-BER-021,V8R22C20
OLT-BER-022,V8R23C10
OLT-BER-023,V8R23C20
OLT-BER-024,V8R21C10
OLT-BER-025,V8R22C10
OLT-BER-026,V8R22C20
OLT-BER-027,V8R23C10
OLT-BER-028,V8R23C20
OLT-HAM-001,V8R21C10
OLT-HAM-002,V8R23C20
OLT-HAM-003,V8R23C10
OLT-HAM-004,V8R21C10
OLT-HAM-005,V8R23C20
OLT-HAM-006,V8R23C10
OLT-HAM-007,V8R22C20
OLT-HAM-008,V8R23C20
OLT-HAM-009,V8R23C10
OLT-HAM-010,V8R22C20
OLT-HAM-011,V8R23C10
OLT-HAM-012,V8R23C20
OLT-HAM-013,V8R21C10
OLT-HAM-014,V8R22C10
OLT-HAM-015,V8R22C20
OLT-HAM-016,V8R23C10
OLT-HAM-017,V8R23C20
OLT-HAM-018,V8R21C10
OLT-HAM-019,V8R22C10
OLT-HAM-020,V8R23C10
OLT-HAM-021,V8R22C20
OLT-HAM-022,V8R21C10
OLT-HAM-023,V8R23C20
OLT-HAM-024,V8R23C20
OLT-HAM-025,V8R23C10
OLT-HAM-026,V8R22C10
OLT-HAM-027,V8R21C10
OLT-HAM-028,V8R21C10
OLT-FRA-001,V8R21C10
OLT-FRA-002,V8R22C10
OLT-FRA-003,V8R22C20
OLT-FRA-004,V8R21C10
OLT-FRA-005,V8R22C10
OLT-FRA-006,V8R22C20
OLT-FRA-007,V8R23C10
OLT-FRA-008,V8R22C20
OLT-FRA-009,V8R23C10
OLT-FRA-010,V8R21C10
OLT-FRA-011,V8R23C20
OLT-FRA-012,V8R23C10
OLT-FRA-013,V8R22C20
OLT-FRA-014,V8R22C10
OLT-FRA-015,V8R21C10
OLT-FRA-016,V8R23C20
OLT-FRA-017,V8R23C10
OLT-FRA-018,V8R23C10
OLT-FRA-019,V8R22C20
OLT-FRA-020,V8R22C10
OLT-FRA-021,V8R22C20
OLT-FRA-022,V8R23C20
OLT-FRA-023,V8R21C10
OLT-FRA-024,V8R22C20
OLT-FRA-025,V8R23C10
OLT-FRA-026,V8R21C10
OLT-FRA-027,V8R22C10
OLT-FRA-028,V8R23C10
LSR-NUE-001,23.10.R2
LSR-NUE-002,22.10.R4
LSR-NUE-003,24.7.R1
LSR-NUE-004,23.10.R2
LSR-NUE-005,23.7.R3
LSR-NUE-006,24.7.R1
LSR-NUE-007,24.3.R1
LSR-NUE-008,22.10.R4
LSR-NUE-009,24.7.R1
LSR-NUE-010,23.10.R2
LSR-NUE-011,24.3.R1
LSR-NUE-012,22.10.R4
LSR-NUE-013,23.7.R3
LSR-NUE-014,24.3.R1
LSR-NUE-015,24.7.R1
LSR-NUE-016,23.7.R3
LSR-NUE-017,23.10.R2
LSR-NUE-018,22.10.R4
LSR-NUE-019,23.7.R3
LSR-NUE-020,24.7.R1
LSR-NUE-021,24.3.R1
LSR-NUE-022,23.10.R2
LSR-NUE-023,23.7.R3
LSR-NUE-024,22.10.R4
LSR-NUE-025,24.7.R1
LSR-NUE-026,24.3.R1
LSR-NUE-027,23.10.R2
LSR-NUE-028,23.7.R3
LSR-MUC-001,23.10.R2
LSR-MUC-002,24.3.R1
LSR-MUC-003,24.7.R1
LSR-MUC-004,22.10.R4
LSR-MUC-005,23.7.R3
LSR-MUC-006,23.10.R2
LSR-MUC-007,24.3.R1
LSR-MUC-008,24.3.R1
LSR-MUC-009,24.7.R1
LSR-MUC-010,23.7.R3
LSR-MUC-011,22.10.R4
LSR-MUC-012,24.7.R1
LSR-MUC-013,24.3.R1
LSR-MUC-014,22.10.R4
LSR-MUC-015,24.7.R1
LSR-MUC-016,24.3.R1
LSR-MUC-017,23.10.R2
LSR-MUC-018,24.3.R1
LSR-MUC-019,23.10.R2
LSR-MUC-020,24.7.R1
LSR-MUC-021,22.10.R4
LSR-MUC-022,23.10.R2
LSR-MUC-023,24.3.R1
LSR-MUC-024,24.3.R1
LSR-MUC-025,24.7.R1
LSR-MUC-026,23.7.R3
LSR-MUC-027,23.10.R2
LSR-MUC-028,23.10.R2
LSR-BER-001,23.10.R2
LSR-BER-002,24.7.R1
LSR-BER-003,22.10.R4
LSR-BER-004,22.10.R4
LSR-BER-005,23.7.R3
LSR-BER-006,24.3.R1
LSR-BER-007,24.7.R1
LSR-BER-008,24.7.R1
LSR-BER-009,22.10.R4
LSR-BER-010,23.10.R2
LSR-BER-011,23.7.R3
LSR-BER-012,24.7.R1
LSR-BER-013,24.3.R1
LSR-BER-014,24.3.R1
LSR-BER-015,23.10.R2
LSR-BER-016,22.10.R4
LSR-BER-017,24.7.R1
LSR-BER-018,22.10.R4
LSR-BER-019,24.7.R1
LSR-BER-020,24.3.R1
LSR-BER-021,24.7.R1
LSR-BER-022,22.10.R4
LSR-BER-023,23.7.R3
LSR-BER-024,23.10.R2
LSR-BER-025,24.3.R1
LSR-BER-026,24.7.R1
LSR-BER-027,22.10.R4
LSR-BER-028,22.10.R4
LSR-HAM-001,23.10.R2
LSR-HAM-002,23.7.R3
LSR-HAM-003,22.10.R4
LSR-HAM-004,23.10.R2
LSR-HAM-005,23.7.R3
LSR-HAM-006,22.10.R4
LSR-HAM-007,24.7.R1
LSR-HAM-008,22.10.R4
LSR-HAM-009,24.7.R1
LSR-HAM-010,23.10.R2
LSR-HAM-011,24.3.R1
LSR-HAM-012,24.7.R1
LSR-HAM-013,22.10.R4
LSR-HAM-014,23.7.R3
LSR-HAM-015,23.10.R2
LSR-HAM-016,24.3.R1
LSR-HAM-017,24.7.R1
LSR-HAM-018,24.7.R1
LSR-HAM-019,22.10.R4
LSR-HAM-020,23.7.R3
LSR-HAM-021,22.10.R4
LSR-HAM-022,24.3.R1
LSR-HAM-023,23.10.R2
LSR-HAM-024,23.10.R2
LSR-HAM-025,23.7.R3
LSR-HAM-026,24.7.R1
LSR-HAM-027,24.3.R1
LSR-HAM-028,24.7.R1
LSR-FRA-001,24.7.R1
LSR-FRA-002,22.10.R4
LSR-FRA-003,23.7.R3
LSR-FRA-004,24.7.R1
LSR-FRA-005,22.10.R4
LSR-FRA-006,23.7.R3
LSR-FRA-007,23.10.R2
LSR-FRA-008,22.10.R4
LSR-FRA-009,23.7.R3
LSR-FRA-010,24.7.R1
LSR-FRA-011,24.3.R1
LSR-FRA-012,23.10.R2
LSR-FRA-013,23.7.R3
LSR-FRA-014,22.10.R4
LSR-FRA-015,24.7.R1
LSR-FRA-016,24.3.R1
LSR-FRA-017,23.10.R2
LSR-FRA-018,23.7.R3
LSR-FRA-019,22.10.R4
LSR-FRA-020,24.3.R1
LSR-FRA-021,24.7.R1
LSR-FRA-022,23.7.R3
LSR-FRA-023,23.10.R2
LSR-FRA-024,24.7.R1
LSR-FRA-025,22.10.R4
LSR-FRA-026,23.10.R2
LSR-FRA-027,24.3.R1
