workload_type,seed,capacity,strategy,hits,misses,hit_rate,external_requests
stable_locality,1,3,FIFOCache,19,31,0.38,31
stable_locality,1,3,LRUCache,19,31,0.38,31
stable_locality,1,5,FIFOCache,24,26,0.48,26
stable_locality,1,5,LRUCache,25,25,0.5,25
stable_locality,1,7,FIFOCache,30,20,0.6,20
stable_locality,1,7,LRUCache,30,20,0.6,20
stable_locality,1,10,FIFOCache,40,10,0.8,10
stable_locality,1,10,LRUCache,40,10,0.8,10
stable_locality,2,3,FIFOCache,15,35,0.3,35
stable_locality,2,3,LRUCache,16,34,0.32,34
stable_locality,2,5,FIFOCache,27,23,0.54,23
stable_locality,2,5,LRUCache,26,24,0.52,24
stable_locality,2,7,FIFOCache,34,16,0.68,16
stable_locality,2,7,LRUCache,33,17,0.66,17
stable_locality,2,10,FIFOCache,40,10,0.8,10
stable_locality,2,10,LRUCache,40,10,0.8,10
stable_locality,3,3,FIFOCache,16,34,0.32,34
stable_locality,3,3,LRUCache,16,34,0.32,34
stable_locality,3,5,FIFOCache,25,25,0.5,25
stable_locality,3,5,LRUCache,27,23,0.54,23
stable_locality,3,7,FIFOCache,29,21,0.58,21
stable_locality,3,7,LRUCache,30,20,0.6,20
stable_locality,3,10,FIFOCache,40,10,0.8,10
stable_locality,3,10,LRUCache,40,10,0.8,10
stable_locality,4,3,FIFOCache,15,35,0.3,35
stable_locality,4,3,LRUCache,15,35,0.3,35
stable_locality,4,5,FIFOCache,23,27,0.46,27
stable_locality,4,5,LRUCache,26,24,0.52,24
stable_locality,4,7,FIFOCache,29,21,0.58,21
stable_locality,4,7,LRUCache,33,17,0.66,17
stable_locality,4,10,FIFOCache,40,10,0.8,10
stable_locality,4,10,LRUCache,40,10,0.8,10
stable_locality,5,3,FIFOCache,18,32,0.36,32
stable_locality,5,3,LRUCache,19,31,0.38,31
stable_locality,5,5,FIFOCache,28,22,0.56,22
stable_locality,5,5,LRUCache,27,23,0.54,23
stable_locality,5,7,FIFOCache,30,20,0.6,20
stable_locality,5,7,LRUCache,34,16,0.68,16
stable_locality,5,10,FIFOCache,40,10,0.8,10
stable_locality,5,10,LRUCache,40,10,0.8,10
stable_locality,6,3,FIFOCache,24,26,0.48,26
stable_locality,6,3,LRUCache,22,28,0.44,28
stable_locality,6,5,FIFOCache,29,21,0.58,21
stable_locality,6,5,LRUCache,27,23,0.54,23
stable_locality,6,7,FIFOCache,32,18,0.64,18
stable_locality,6,7,LRUCache,33,17,0.66,17
stable_locality,6,10,FIFOCache,40,10,0.8,10
stable_locality,6,10,LRUCache,40,10,0.8,10
stable_locality,7,3,FIFOCache,11,39,0.22,39
stable_locality,7,3,LRUCache,15,35,0.3,35
stable_locality,7,5,FIFOCache,26,24,0.52,24
stable_locality,7,5,LRUCache,29,21,0.58,21
stable_locality,7,7,FIFOCache,33,17,0.66,17
stable_locality,7,7,LRUCache,35,15,0.7,15
stable_locality,7,10,FIFOCache,40,10,0.8,10
stable_locality,7,10,LRUCache,40,10,0.8,10
stable_locality,8,3,FIFOCache,22,28,0.44,28
stable_locality,8,3,LRUCache,19,31,0.38,31
stable_locality,8,5,FIFOCache,25,25,0.5,25
stable_locality,8,5,LRUCache,27,23,0.54,23
stable_locality,8,7,FIFOCache,33,17,0.66,17
stable_locality,8,7,LRUCache,33,17,0.66,17
stable_locality,8,10,FIFOCache,40,10,0.8,10
stable_locality,8,10,LRUCache,40,10,0.8,10
stable_locality,9,3,FIFOCache,15,35,0.3,35
stable_locality,9,3,LRUCache,17,33,0.34,33
stable_locality,9,5,FIFOCache,23,27,0.46,27
stable_locality,9,5,LRUCache,26,24,0.52,24
stable_locality,9,7,FIFOCache,31,19,0.62,19
stable_locality,9,7,LRUCache,33,17,0.66,17
stable_locality,9,10,FIFOCache,40,10,0.8,10
stable_locality,9,10,LRUCache,40,10,0.8,10
stable_locality,10,3,FIFOCache,17,33,0.34,33
stable_locality,10,3,LRUCache,17,33,0.34,33
stable_locality,10,5,FIFOCache,24,26,0.48,26
stable_locality,10,5,LRUCache,26,24,0.52,24
stable_locality,10,7,FIFOCache,32,18,0.64,18
stable_locality,10,7,LRUCache,32,18,0.64,18
stable_locality,10,10,FIFOCache,40,10,0.8,10
stable_locality,10,10,LRUCache,40,10,0.8,10
changing_locality,1,3,FIFOCache,15,35,0.3,35
changing_locality,1,3,LRUCache,13,37,0.26,37
changing_locality,1,5,FIFOCache,22,28,0.44,28
changing_locality,1,5,LRUCache,22,28,0.44,28
changing_locality,1,7,FIFOCache,26,24,0.52,24
changing_locality,1,7,LRUCache,30,20,0.6,20
changing_locality,1,10,FIFOCache,40,10,0.8,10
changing_locality,1,10,LRUCache,40,10,0.8,10
changing_locality,2,3,FIFOCache,19,31,0.38,31
changing_locality,2,3,LRUCache,18,32,0.36,32
changing_locality,2,5,FIFOCache,28,22,0.56,22
changing_locality,2,5,LRUCache,27,23,0.54,23
changing_locality,2,7,FIFOCache,29,21,0.58,21
changing_locality,2,7,LRUCache,32,18,0.64,18
changing_locality,2,10,FIFOCache,40,10,0.8,10
changing_locality,2,10,LRUCache,40,10,0.8,10
changing_locality,3,3,FIFOCache,16,34,0.32,34
changing_locality,3,3,LRUCache,15,35,0.3,35
changing_locality,3,5,FIFOCache,22,28,0.44,28
changing_locality,3,5,LRUCache,24,26,0.48,26
changing_locality,3,7,FIFOCache,31,19,0.62,19
changing_locality,3,7,LRUCache,29,21,0.58,21
changing_locality,3,10,FIFOCache,40,10,0.8,10
changing_locality,3,10,LRUCache,40,10,0.8,10
changing_locality,4,3,FIFOCache,16,34,0.32,34
changing_locality,4,3,LRUCache,17,33,0.34,33
changing_locality,4,5,FIFOCache,26,24,0.52,24
changing_locality,4,5,LRUCache,27,23,0.54,23
changing_locality,4,7,FIFOCache,32,18,0.64,18
changing_locality,4,7,LRUCache,34,16,0.68,16
changing_locality,4,10,FIFOCache,40,10,0.8,10
changing_locality,4,10,LRUCache,40,10,0.8,10
changing_locality,5,3,FIFOCache,18,32,0.36,32
changing_locality,5,3,LRUCache,19,31,0.38,31
changing_locality,5,5,FIFOCache,25,25,0.5,25
changing_locality,5,5,LRUCache,26,24,0.52,24
changing_locality,5,7,FIFOCache,33,17,0.66,17
changing_locality,5,7,LRUCache,32,18,0.64,18
changing_locality,5,10,FIFOCache,40,10,0.8,10
changing_locality,5,10,LRUCache,40,10,0.8,10
changing_locality,6,3,FIFOCache,16,34,0.32,34
changing_locality,6,3,LRUCache,17,33,0.34,33
changing_locality,6,5,FIFOCache,21,29,0.42,29
changing_locality,6,5,LRUCache,23,27,0.46,27
changing_locality,6,7,FIFOCache,28,22,0.56,22
changing_locality,6,7,LRUCache,27,23,0.54,23
changing_locality,6,10,FIFOCache,40,10,0.8,10
changing_locality,6,10,LRUCache,40,10,0.8,10
changing_locality,7,3,FIFOCache,15,35,0.3,35
changing_locality,7,3,LRUCache,18,32,0.36,32
changing_locality,7,5,FIFOCache,20,30,0.4,30
changing_locality,7,5,LRUCache,23,27,0.46,27
changing_locality,7,7,FIFOCache,29,21,0.58,21
changing_locality,7,7,LRUCache,26,24,0.52,24
changing_locality,7,10,FIFOCache,40,10,0.8,10
changing_locality,7,10,LRUCache,40,10,0.8,10
changing_locality,8,3,FIFOCache,12,38,0.24,38
changing_locality,8,3,LRUCache,12,38,0.24,38
changing_locality,8,5,FIFOCache,23,27,0.46,27
changing_locality,8,5,LRUCache,22,28,0.44,28
changing_locality,8,7,FIFOCache,30,20,0.6,20
changing_locality,8,7,LRUCache,30,20,0.6,20
changing_locality,8,10,FIFOCache,40,10,0.8,10
changing_locality,8,10,LRUCache,40,10,0.8,10
changing_locality,9,3,FIFOCache,18,32,0.36,32
changing_locality,9,3,LRUCache,18,32,0.36,32
changing_locality,9,5,FIFOCache,24,26,0.48,26
changing_locality,9,5,LRUCache,26,24,0.52,24
changing_locality,9,7,FIFOCache,29,21,0.58,21
changing_locality,9,7,LRUCache,29,21,0.58,21
changing_locality,9,10,FIFOCache,40,10,0.8,10
changing_locality,9,10,LRUCache,40,10,0.8,10
changing_locality,10,3,FIFOCache,12,38,0.24,38
changing_locality,10,3,LRUCache,12,38,0.24,38
changing_locality,10,5,FIFOCache,18,32,0.36,32
changing_locality,10,5,LRUCache,22,28,0.44,28
changing_locality,10,7,FIFOCache,29,21,0.58,21
changing_locality,10,7,LRUCache,33,17,0.66,17
changing_locality,10,10,FIFOCache,40,10,0.8,10
changing_locality,10,10,LRUCache,40,10,0.8,10
