timing_mode,workload_type,seed,capacity,strategy,repetition,request_delay_s,hits,misses,external_requests,execution_time_s
simulated_external,stable_locality,1,3,FIFOCache,1,0.01239,19,31,31,0.45797166699776426
simulated_external,stable_locality,1,3,FIFOCache,2,0.01239,19,31,31,0.45371895798598416
simulated_external,stable_locality,1,3,FIFOCache,3,0.01239,19,31,31,0.4602569999988191
simulated_external,stable_locality,1,3,LRUCache,1,0.01239,19,31,31,0.4571005000034347
simulated_external,stable_locality,1,3,LRUCache,2,0.01239,19,31,31,0.45638912499998696
simulated_external,stable_locality,1,3,LRUCache,3,0.01239,19,31,31,0.4654759169789031
simulated_external,changing_locality,1,3,FIFOCache,1,0.01239,15,35,35,0.5068435000139289
simulated_external,changing_locality,1,3,FIFOCache,2,0.01239,15,35,35,0.5219631670042872
simulated_external,changing_locality,1,3,FIFOCache,3,0.01239,15,35,35,0.5038308750081342
simulated_external,changing_locality,1,3,LRUCache,1,0.01239,13,37,37,0.5434060419793241
simulated_external,changing_locality,1,3,LRUCache,2,0.01239,13,37,37,0.5343876659753732
simulated_external,changing_locality,1,3,LRUCache,3,0.01239,13,37,37,0.5211782500264235
cache_only,stable_locality,1,3,FIFOCache,1,0.0,19,31,31,4.24169993493706e-05
cache_only,stable_locality,1,3,FIFOCache,2,0.0,19,31,31,3.4208991564810276e-05
cache_only,stable_locality,1,3,FIFOCache,3,0.0,19,31,31,3.5083998227491975e-05
cache_only,stable_locality,1,3,LRUCache,1,0.0,19,31,31,4.024998634122312e-05
cache_only,stable_locality,1,3,LRUCache,2,0.0,19,31,31,3.270900924690068e-05
cache_only,stable_locality,1,3,LRUCache,3,0.0,19,31,31,1.741599407978356e-05
cache_only,changing_locality,1,3,FIFOCache,1,0.0,15,35,35,1.8708000425249338e-05
cache_only,changing_locality,1,3,FIFOCache,2,0.0,15,35,35,1.6375008272007108e-05
cache_only,changing_locality,1,3,FIFOCache,3,0.0,15,35,35,1.5541008906438947e-05
cache_only,changing_locality,1,3,LRUCache,1,0.0,13,37,37,1.937500201165676e-05
cache_only,changing_locality,1,3,LRUCache,2,0.0,13,37,37,1.8749997252598405e-05
cache_only,changing_locality,1,3,LRUCache,3,0.0,13,37,37,1.7749989638105035e-05
